"nama_tabel","nama_kolom","tipe_data","tipe_prisma","kelompok"
"penduduk","abs_id","character varying","string","identitas_keluarga"
"penduduk","subjek","character varying","string","identitas_keluarga"
"penduduk","datamasuk","timestamp without time zone","date","identitas_keluarga"
"penduduk","enumerator","character varying","string","identitas_keluarga"
"penduduk","kode_bangunan","integer","int","identitas_keluarga"
"penduduk","kode_deskel","character varying","string","identitas_keluarga"
"penduduk","deskel","character varying","string","identitas_keluarga"
"penduduk","dusun","character varying","string","identitas_keluarga"
"penduduk","rw","integer","int","identitas_keluarga"
"penduduk","rt","integer","int","identitas_keluarga"
"penduduk","lat","character varying","string","identitas_keluarga"
"penduduk","lng","character varying","string","identitas_keluarga"
"penduduk","responden","character varying","string","identitas_keluarga"
"penduduk","nkk","character varying","string","identitas_keluarga"
"penduduk","nama","character varying","string","identitas_keluarga"
"penduduk","nik","character varying","string","identitas_keluarga"
"penduduk","alamat","text","string","identitas_keluarga"
"penduduk","status_dalam_keluarga","character varying","string","identitas_keluarga"
"penduduk","status_kawin","character varying","string","identitas_keluarga"
"penduduk","punya_ktp","character varying","string","identitas_keluarga"
"penduduk","punya_aktalahir","character varying","string","identitas_keluarga"
"penduduk","nama_kepala_rumah","character varying","string","identitas_keluarga"
"penduduk","nama_tulang_punggung","character varying","string","identitas_keluarga"
"penduduk","no_hp","character varying","string","identitas_keluarga"
"penduduk","jml_keluarga","integer","int","identitas_keluarga"
"penduduk","tgl_lahir","date","date","identitas_keluarga"
"penduduk","jk","character varying","string","identitas_keluarga"
"penduduk","thn_datang","integer","int","identitas_keluarga"
"penduduk","dinamika","character varying","string","identitas_keluarga"
"penduduk","agama","character varying","string","identitas_keluarga"
"penduduk","suku","text","string","identitas_keluarga"
"penduduk","bhs_keluarga","character varying","string","identitas_keluarga"
"penduduk","bhs_daerah","text","string","identitas_keluarga"
"penduduk","tgl_kawin","date","date","identitas_keluarga"
"penduduk","usia","numeric","float","identitas_keluarga"
"penduduk","usia_dec","numeric","float","identitas_keluarga"
"penduduk","lama_tinggal","integer","int","identitas_keluarga"
"penduduk","punya_kk","character varying","string","identitas_keluarga"
"penduduk","menetap","character varying","string","identitas_keluarga"
"penduduk","dead_jml","integer","int","identitas_keluarga"
"penduduk","akta_nikah","character varying","string","identitas_keluarga"
"penduduk","akta_cerai","character varying","string","identitas_keluarga"
"penduduk","partisipasi_sekolah","character varying","string","pendidikan_kebudayaan"
"penduduk","ijazah","character varying","string","pendidikan_kebudayaan"
"penduduk","rp_pendidikan","numeric","float","pendidikan_kebudayaan"
"penduduk","bantuan_pendidikan","character varying","string","pendidikan_kebudayaan"
"penduduk","pendidikan_anggota","integer","int","pendidikan_kebudayaan"
"penduduk","keterampilan","text","string","pendidikan_kebudayaan"
"penduduk","pelatihan","character varying","string","pendidikan_kebudayaan"
"penduduk","pelatihan_ket","text","string","pendidikan_kebudayaan"
"penduduk","refreshing","character varying","string","sandang_pangan_papan"
"penduduk","pekarangan","character varying","string","infrastruktur_lingkungan"
"penduduk","pekarangan_luas","numeric","float","infrastruktur_lingkungan"
"penduduk","pekarangan_air","character varying","string","infrastruktur_lingkungan"
"penduduk","pekarangan_tinggi","character varying","string","infrastruktur_lingkungan"
"penduduk","pekarangan_jenis","text","string","infrastruktur_lingkungan"
"penduduk","pekarangan_komoditas","text","string","infrastruktur_lingkungan"
"penduduk","sampah_buang","character varying","string","infrastruktur_lingkungan"
"penduduk","sampah_pilah","character varying","string","infrastruktur_lingkungan"
"penduduk","sampah_olah","character varying","string","infrastruktur_lingkungan"
"penduduk","rumah_pln","character varying","string","infrastruktur_lingkungan"
"penduduk","rp_listrik","numeric","float","infrastruktur_lingkungan"
"penduduk","wifi","text","string","infrastruktur_lingkungan"
"penduduk","airbersih","character varying","string","infrastruktur_lingkungan"
"penduduk","airminum","character varying","string","infrastruktur_lingkungan"
"penduduk","bahanbakar_masak","character varying","string","infrastruktur_lingkungan"
"penduduk","rumah_solar","character varying","string","infrastruktur_lingkungan"
"penduduk","par_organisasi","text","string","sosial_hukum_ham"
"penduduk","organisasi_nama","text","string","sosial_hukum_ham"
"penduduk","par_masyarakat","text","string","sosial_hukum_ham"
"penduduk","par_pemilu","text","string","sosial_hukum_ham"
"penduduk","par_kebijakan","character varying","string","sosial_hukum_ham"
"penduduk","bansos","text","string","sosial_hukum_ham"
"penduduk","rp_zakat","numeric","float","sosial_hukum_ham"
"penduduk","wakaf","text","string","sosial_hukum_ham"
"penduduk","rp_persepuluh","numeric","float","sosial_hukum_ham"
"penduduk","rp_dharma","numeric","float","sosial_hukum_ham"
"penduduk","rp_paramita","numeric","float","sosial_hukum_ham"
"penduduk","rp_sumbangan","numeric","float","sosial_hukum_ham"
"penduduk","disabilitas","character varying","string","sosial_hukum_ham"
"penduduk","korban_kejahatan","character varying","string","sosial_hukum_ham"
"penduduk","hukum_bantuan","character varying","string","sosial_hukum_ham"
"penduduk","hukum_jenis","text","string","sosial_hukum_ham"
"penduduk","tanah_nama","text","string","sosial_hukum_ham"
"penduduk","tanah_nomor","character varying","string","sosial_hukum_ham"
"penduduk","nomor_objek_pajak","text","string","sosial_hukum_ham"
"penduduk","tanah_bukti","text","string","sosial_hukum_ham"
"penduduk","pbb_punya","character varying","string","sosial_hukum_ham"
"penduduk","pbb_tahunbayar","integer","int","sosial_hukum_ham"
"penduduk","kesediaan","character varying","string","sosial_hukum_ham"
"penduduk","medsos","text","string","sosial_hukum_ham"
"penduduk","media_informasi","text","string","sosial_hukum_ham"
"penduduk","kandung","character varying","string","sosial_hukum_ham"
"penduduk","aset_ekonomi","text","string","sosial_hukum_ham"
"penduduk","pinjaman","character varying","string","sosial_hukum_ham"
"penduduk","kb","character varying","string","sosial_hukum_ham"
"penduduk","kulkas","character varying","string","sosial_hukum_ham"
"penduduk","sepeda_jml","integer","int","sosial_hukum_ham"
"penduduk","motor_jml","integer","int","sosial_hukum_ham"
"penduduk","motor_merk","character varying","string","sosial_hukum_ham"
"penduduk","mobil_jml","integer","int","sosial_hukum_ham"
"penduduk","mobil_merk","character varying","string","sosial_hukum_ham"
"penduduk","perahu_jml","integer","int","sosial_hukum_ham"
"penduduk","perahu_motor_jml","integer","int","sosial_hukum_ham"
"penduduk","kapal_jml","integer","int","sosial_hukum_ham"
"penduduk","motorlistrik_jml","integer","int","sosial_hukum_ham"
"penduduk","mobillistrik_jml","integer","int","sosial_hukum_ham"
"penduduk","kendaraan_jml","integer","int","sosial_hukum_ham"
"penduduk","rp_kendaraan","numeric","float","sosial_hukum_ham"
"penduduk","hp_punya","character varying","string","sosial_hukum_ham"
"penduduk","hp_jumlah","integer","int","sosial_hukum_ham"
"penduduk","hp_merk","character varying","string","sosial_hukum_ham"
"penduduk","hp_provider","character varying","string","sosial_hukum_ham"
"penduduk","rp_komunikasi","numeric","float","sosial_hukum_ham"
"penduduk","elektronik_rumah","text","string","sosial_hukum_ham"
"penduduk","rp_transportasi","numeric","float","sosial_hukum_ham"
"penduduk","rp_cicilan","numeric","float","sosial_hukum_ham"
"penduduk","kerja_profesi","character varying","string","kesehatan_kerja_jamsos"
"penduduk","kerja_status","character varying","string","kesehatan_kerja_jamsos"
"penduduk","kerja_ket","text","string","kesehatan_kerja_jamsos"
"penduduk","kerja_lokusaha","character varying","string","kesehatan_kerja_jamsos"
"penduduk","kerja_sampingan","character varying","string","kesehatan_kerja_jamsos"
"penduduk","kerja_sampingan_ket","text","string","kesehatan_kerja_jamsos"
"penduduk","kerja_skalausaha","text","string","kesehatan_kerja_jamsos"
"penduduk","nel_kategori","character varying","string","kesehatan_kerja_jamsos"
"penduduk","nel_jenis","text","string","kesehatan_kerja_jamsos"
"penduduk","nel_jenis_budidaya","character varying","string","kesehatan_kerja_jamsos"
"penduduk","nel_alat_tangkap","character varying","string","kesehatan_kerja_jamsos"
"penduduk","nel_alat_bantu","character varying","string","kesehatan_kerja_jamsos"
"penduduk","nel_ikan_tangkap","text","string","kesehatan_kerja_jamsos"
"penduduk","nel_ikan_tangkap_lain","text","string","kesehatan_kerja_jamsos"
"penduduk","nel_ikan_kecil_perlakuan","character varying","string","kesehatan_kerja_jamsos"
"penduduk","nel_buang_sampah","character varying","string","kesehatan_kerja_jamsos"
"penduduk","nel_budidaya_ikan","character varying","string","kesehatan_kerja_jamsos"
"penduduk","nel_budidaya_pakan","character varying","string","kesehatan_kerja_jamsos"
"penduduk","nel_budidaya_rucah","character varying","string","kesehatan_kerja_jamsos"
"penduduk","nel_budidaya_rumputlaut","character varying","string","kesehatan_kerja_jamsos"
"penduduk","nel_budidaya_alat","character varying","string","kesehatan_kerja_jamsos"
"penduduk","nel_pelatihan_jenis","text","string","kesehatan_kerja_jamsos"
"penduduk","nel_asuransi","character varying","string","kesehatan_kerja_jamsos"
"penduduk","nel_asuransi_rp","numeric","float","kesehatan_kerja_jamsos"
"penduduk","nel_kredit","character varying","string","kesehatan_kerja_jamsos"
"penduduk","nel_pembiayaan_budidaya","character varying","string","kesehatan_kerja_jamsos"
"penduduk","nel_kepemilikan","text","string","kesehatan_kerja_jamsos"
"penduduk","nel_waktu","text","string","kesehatan_kerja_jamsos"
"penduduk","nel_ukurankapal","text","string","kesehatan_kerja_jamsos"
"penduduk","nel_penangkapan","text","string","kesehatan_kerja_jamsos"
"penduduk","nel_pelatihan","text","string","kesehatan_kerja_jamsos"
"penduduk","nel_budidaya_jenis","text","string","kesehatan_kerja_jamsos"
"penduduk","nel_biota_jenis","text","string","kesehatan_kerja_jamsos"
"penduduk","nel_budidaya_sarana","text","string","kesehatan_kerja_jamsos"
"penduduk","nel_sumber_air","text","string","kesehatan_kerja_jamsos"
"penduduk","nel_bibit","text","string","kesehatan_kerja_jamsos"
"penduduk","nel_produksi","text","string","kesehatan_kerja_jamsos"
"penduduk","nel_hasil_jual","text","string","kesehatan_kerja_jamsos"
"penduduk","nel_pernah","text","string","kesehatan_kerja_jamsos"
"penduduk","bpjs_kes","character varying","string","kesehatan_kerja_jamsos"
"penduduk","bpjs_tk","character varying","string","kesehatan_kerja_jamsos"
"penduduk","menabung","text","string","kesehatan_kerja_jamsos"
"penduduk","rp_tabungan","numeric","float","kesehatan_kerja_jamsos"
"penduduk","tki","character varying","string","kesehatan_kerja_jamsos"
"penduduk","tki_tujuan","character varying","string","kesehatan_kerja_jamsos"
"penduduk","penyakit_jumlah","integer","int","kesehatan_kerja_jamsos"
"penduduk","penyakit_jenis","text","string","kesehatan_kerja_jamsos"
"penduduk","anak_asi","character varying","string","kesehatan_kerja_jamsos"
"penduduk","anak_periksa","character varying","string","kesehatan_kerja_jamsos"
"penduduk","anak_mpasi","text","string","kesehatan_kerja_jamsos"
"penduduk","anak_tb","numeric","float","kesehatan_kerja_jamsos"
"penduduk","anak_bb","numeric","float","kesehatan_kerja_jamsos"
"penduduk","perokok","character varying","string","kesehatan_kerja_jamsos"
"penduduk","lahan","character varying","string","kesehatan_kerja_jamsos"
"penduduk","lahan_guna","character varying","string","kesehatan_kerja_jamsos"
"penduduk","lahan_luasnon","numeric","float","kesehatan_kerja_jamsos"
"penduduk","lahan_status","character varying","string","kesehatan_kerja_jamsos"
"penduduk","lahan_luas_dikelola","numeric","float","kesehatan_kerja_jamsos"
"penduduk","lahan_luas_tidakdikelola","numeric","float","kesehatan_kerja_jamsos"
"penduduk","lahanmilik_irigasi","character varying","string","kesehatan_kerja_jamsos"
"penduduk","lahanmilik_bukti","character varying","string","kesehatan_kerja_jamsos"
"penduduk","lahanmilik_komoditas","text","string","kesehatan_kerja_jamsos"
"penduduk","lahanmilik_lokasi","text","string","kesehatan_kerja_jamsos"
"penduduk","lahangarap_luas","numeric","float","kesehatan_kerja_jamsos"
"penduduk","lahangarap_irigasi","character varying","string","kesehatan_kerja_jamsos"
"penduduk","lahangarap_komoditas","text","string","kesehatan_kerja_jamsos"
"penduduk","lahangarap_lokasi","text","string","kesehatan_kerja_jamsos"
"penduduk","lahansewa_luas","numeric","float","kesehatan_kerja_jamsos"
"penduduk","lahansewa_irigasi","character varying","string","kesehatan_kerja_jamsos"
"penduduk","lahansewa_komoditas","text","string","kesehatan_kerja_jamsos"
"penduduk","lahansewa_lokasi","text","string","kesehatan_kerja_jamsos"
"penduduk","ppkb","numeric","float","kesehatan_kerja_jamsos"
"penduduk","ppkt","numeric","float","kesehatan_kerja_jamsos"
"penduduk","skor_kls","numeric","float","kesehatan_kerja_jamsos"
"penduduk","miskin_uufm","character varying","string","kesehatan_kerja_jamsos"
"penduduk","pkb","numeric","float","kesehatan_kerja_jamsos"
"penduduk","miskin_wb","character varying","string","kesehatan_kerja_jamsos"
"penduduk","miskin_bps","character varying","string","kesehatan_kerja_jamsos"
"penduduk","miskin_ekstrem","character varying","string","kesehatan_kerja_jamsos"
"penduduk","miskin_bpsd","character varying","string","kesehatan_kerja_jamsos"
"penduduk","asuransi_kes","character varying","string","kesehatan_kerja_jamsos"
"penduduk","bencana_kesfungsional","text","string","kesehatan_kerja_jamsos"
"penduduk","bencana_lap_usaha","text","string","kesehatan_kerja_jamsos"
"penduduk","bencana_lapusaha_nama","text","string","kesehatan_kerja_jamsos"
"penduduk","bencana_lapusaha_alamat","text","string","kesehatan_kerja_jamsos"
"penduduk","bencana_lapusaha_izin","character varying","string","kesehatan_kerja_jamsos"
"penduduk","bencana_lapusaha_omzet","numeric","float","kesehatan_kerja_jamsos"
"penduduk","bencana_lapusaha_tk","integer","int","kesehatan_kerja_jamsos"
"penduduk","bencana_kerja_pasca","text","string","kesehatan_kerja_jamsos"
"penduduk","bencana_kerjapasca_lokasi","text","string","kesehatan_kerja_jamsos"
"penduduk","bencana_kerjapasca_penghasilan","numeric","float","kesehatan_kerja_jamsos"
"penduduk","bencana_kerjapasca_harapan","text","string","kesehatan_kerja_jamsos"
"penduduk","bencana_pemulihan_pasca","text","string","kesehatan_kerja_jamsos"
"penduduk","bencana_rumah_kondisi","text","string","kesehatan_kerja_jamsos"
"penduduk","bencana_rumah_bagianrusak","text","string","kesehatan_kerja_jamsos"
"penduduk","bencana_ketenum_bangunan","text","string","kesehatan_kerja_jamsos"
"penduduk","baju_frek","character varying","string","sandang_pangan_papan"
"penduduk","rp_sph","numeric","float","sandang_pangan_papan"
"penduduk","makan_frek","character varying","string","sandang_pangan_papan"
"penduduk","makan_menu","character varying","string","sandang_pangan_papan"
"penduduk","tempat_belanja","character varying","string","sandang_pangan_papan"
"penduduk","rp_belanja","numeric","float","sandang_pangan_papan"
"penduduk","rp_pangan","numeric","float","sandang_pangan_papan"
"penduduk","rp_non_pangan","numeric","float","sandang_pangan_papan"
"penduduk","kon_beras","numeric","float","sandang_pangan_papan"
"penduduk","kon_biskuit","numeric","float","sandang_pangan_papan"
"penduduk","kon_jagung","numeric","float","sandang_pangan_papan"
"penduduk","kon_kentang","numeric","float","sandang_pangan_papan"
"penduduk","kon_mie","integer","int","sandang_pangan_papan"
"penduduk","kon_roti","integer","int","sandang_pangan_papan"
"penduduk","kon_singkong","numeric","float","sandang_pangan_papan"
"penduduk","kon_sukun","numeric","float","sandang_pangan_papan"
"penduduk","kon_ketan","numeric","float","sandang_pangan_papan"
"penduduk","kon_sapi","numeric","float","sandang_pangan_papan"
"penduduk","kon_ayam","numeric","float","sandang_pangan_papan"
"penduduk","kon_babi","numeric","float","sandang_pangan_papan"
"penduduk","kon_ikan_segar","numeric","float","sandang_pangan_papan"
"penduduk","kon_ikan_asin","numeric","float","sandang_pangan_papan"
"penduduk","kon_telur","numeric","float","sandang_pangan_papan"
"penduduk","kon_kacang_hijau","numeric","float","sandang_pangan_papan"
"penduduk","kon_kacang_merah","numeric","float","sandang_pangan_papan"
"penduduk","kon_kacang_kedelai","numeric","float","sandang_pangan_papan"
"penduduk","kon_kacang_mede","numeric","float","sandang_pangan_papan"
"penduduk","kon_tahu","integer","int","sandang_pangan_papan"
"penduduk","kon_tempe","integer","int","sandang_pangan_papan"
"penduduk","kon_bayam","integer","int","sandang_pangan_papan"
"penduduk","kon_kangkung","integer","int","sandang_pangan_papan"
"penduduk","kon_sawi","integer","int","sandang_pangan_papan"
"penduduk","kon_terong","numeric","float","sandang_pangan_papan"
"penduduk","kon_oyong","numeric","float","sandang_pangan_papan"
"penduduk","kon_daun_singkong","integer","int","sandang_pangan_papan"
"penduduk","kon_daun_ubi","integer","int","sandang_pangan_papan"
"penduduk","kon_jeruk","numeric","float","sandang_pangan_papan"
"penduduk","kon_mangga","numeric","float","sandang_pangan_papan"
"penduduk","kon_pepaya","numeric","float","sandang_pangan_papan"
"penduduk","kon_pisang","numeric","float","sandang_pangan_papan"
"penduduk","kon_alpukat","numeric","float","sandang_pangan_papan"
"penduduk","kon_semangka","numeric","float","sandang_pangan_papan"
"penduduk","kon_melon","numeric","float","sandang_pangan_papan"
"penduduk","kon_cabai","numeric","float","sandang_pangan_papan"
"penduduk","kon_bamer","numeric","float","sandang_pangan_papan"
"penduduk","kon_baput","numeric","float","sandang_pangan_papan"
"penduduk","kon_migor","numeric","float","sandang_pangan_papan"
"penduduk","kon_gas","numeric","float","sandang_pangan_papan"
"penduduk","kon_garam","numeric","float","sandang_pangan_papan"
"penduduk","kon_gula","numeric","float","sandang_pangan_papan"
"penduduk","kon_susu","integer","int","sandang_pangan_papan"
"penduduk","kon_teh","integer","int","sandang_pangan_papan"
"penduduk","kon_kopi","integer","int","sandang_pangan_papan"
"penduduk","kon_rokok","integer","int","sandang_pangan_papan"
"penduduk","kon_kelor","integer","int","sandang_pangan_papan"
"penduduk","rumah_lantai","character varying","string","sandang_pangan_papan"
"penduduk","rumah_dinding","character varying","string","sandang_pangan_papan"
"penduduk","rumah_atap","character varying","string","sandang_pangan_papan"
"penduduk","rumah_jamban","character varying","string","sandang_pangan_papan"
"penduduk","rumah_kamar","integer","int","sandang_pangan_papan"
"penduduk","rumah_milik","character varying","string","sandang_pangan_papan"
"penduduk","rumah_tingkat","character varying","string","sandang_pangan_papan"
"penduduk","rumah_luas","numeric","float","sandang_pangan_papan"
"penduduk","ternak","character varying","string","sandang_pangan_papan"
"penduduk","ternak_sapi","integer","int","sandang_pangan_papan"
"penduduk","ternak_kerbau","integer","int","sandang_pangan_papan"
"penduduk","ternak_domba","integer","int","sandang_pangan_papan"
"penduduk","ternak_kambing","integer","int","sandang_pangan_papan"
"penduduk","ternak_ayam","integer","int","sandang_pangan_papan"
"penduduk","ternak_itik","integer","int","sandang_pangan_papan"
"penduduk","ternak_kuda","integer","int","sandang_pangan_papan"
"penduduk","ternak_babi","integer","int","sandang_pangan_papan"
"penduduk","ternak_ikan","integer","int","sandang_pangan_papan"
