id;aspek_id;header;value;tipe;subjek;status;created_at;updated_at;sort_number;periode updating;Column1
1;1;responden;nama responden;tertutup;kepala keluarga;0;5/23/2025 6:03;5/23/2025 6:03;4;Insidentil;
2;1;nkk;nomor kartu keluarga;tertutup;kepala keluarga;0;5/23/2025 6:03;5/23/2025 6:03;6;6 bulan;
3;1;nama;nama kepala keluarga (sesuai KTP);tertutup;kepala keluarga;0;5/23/2025 6:03;5/23/2025 6:03;7;6 bulan;
4;1;nik;nik kepala keluarga;tertutup;kepala keluarga;0;5/23/2025 6:03;5/23/2025 6:03;8;6 bulan;
5;1;alamat;alamat rumah;tertutup;kepala keluarga;0;5/23/2025 6:03;5/23/2025 6:03;11;6 bulan;
6;1;status_dalam_keluarga;status dalam keluarga;tertutup;kepala keluarga;0;5/23/2025 6:03;5/23/2025 6:03;15;Insidentil;
7;1;status_kawin;status perkawinan kepala keluarga;tertutup;kepala keluarga;0;5/23/2025 6:03;5/23/2025 6:03;12;Insidentil;
8;1;punya_ktp;kepemilikan ktp kepala keluarga;tertutup;kepala keluarga;0;5/23/2025 6:03;5/23/2025 6:03;17;Insidentil;
9;1;punya_aktalahir;kepemilikan akta lahir kepala keluarga;tertutup;kepala keluarga;0;5/23/2025 6:03;5/23/2025 6:03;18;Insidentil;
10;1;nama_kepala_rumah;nama kepala rumah tangga;tertutup;kepala keluarga;0;5/23/2025 6:03;5/23/2025 6:03;19;Insidentil;
11;1;nama_tulang_punggung;nama tulang punggung keluarga;tertutup;kepala keluarga;0;5/23/2025 6:03;5/23/2025 6:03;20;Insidentil;
12;1;no_hp;nomor handphone responden;tertutup;kepala keluarga;0;5/23/2025 6:03;5/23/2025 6:03;21;Insidentil;
13;1;jml_keluarga;jumlah kepala dan anggota keluarga;tertutup;kepala keluarga;0;5/23/2025 6:03;5/23/2025 6:03;22;Insidentil;
14;1;tgl_lahir;tanggal lahir kepala keluarga;tertutup;kepala keluarga;0;5/23/2025 6:03;5/23/2025 6:03;24;Insidentil;
15;1;jk;jenis kelamin kepala keluarga;tertutup;kepala keluarga;0;5/23/2025 6:03;5/23/2025 6:03;25;Tidak Berubah;
16;1;thn_datang;tahun datang ke desa;tertutup;kepala keluarga;0;5/23/2025 6:03;5/23/2025 6:03;26;Tidak Berubah;
17;1;dinamika;dinamika kehidupan;tertutup;kepala keluarga;0;5/23/2025 6:03;5/23/2025 6:03;28;Insidentil;
18;1;;foto responden;tertutup;kepala keluarga;0;5/23/2025 6:03;5/23/2025 6:03;29;Insidentil;
19;2;partisipasi_sekolah;partisipasi sekolah kepala keluarga;tertutup;kepala keluarga;0;5/23/2025 6:03;5/23/2025 6:03;32;Insidentil;
20;2;ijazah;pendidikan/ijazah terakhir kepala keluarga;tertutup;kepala keluarga;0;5/23/2025 6:03;5/23/2025 6:03;33;Tahunan;
21;2;rp_pendidikan;pengeluaran pendidikan kepala dan anggota keluarga yang sedang bersekolah (SPP dan uang saku/ bulan);tertutup;kepala keluarga;0;5/23/2025 6:03;5/23/2025 6:03;31;6 bulan;
22;2;bantuan_pendidikan;bantuan pendidikan kepala keluarga;tertutup;kepala keluarga;0;5/23/2025 6:03;5/23/2025 6:03;34;6 bulan;
23;2;agama;agama kepala keluarga;tertutup;kepala keluarga;0;5/23/2025 6:03;5/23/2025 6:03;35;Insidentil;
24;2;suku;etnis/suku kepala keluarga;tertutup;kepala keluarga;0;5/23/2025 6:03;5/23/2025 6:03;36;Tidak Berubah;
25;2;bhs_keluarga;bahasa dalam keluarga;tertutup;kepala keluarga;0;5/23/2025 6:03;5/23/2025 6:03;37;Insidentil;
26;2;bhs_daerah;bahasa daerah yang dipakai;tertutup;kepala keluarga;0;5/23/2025 6:03;5/23/2025 6:03;38;Insidentil;
27;3;pekarangan;kepemilikan pekarangan yang dapat ditanami;tertutup;kepala keluarga;0;5/23/2025 6:03;5/23/2025 6:03;39;6 bulan;
28;3;pekarangan_luas;luas pekarangan (meter persegi);tertutup;kepala keluarga;0;5/23/2025 6:03;5/23/2025 6:03;40;6 bulan;
29;3;pekarangan_air;sumber air pekarangan;tertutup;kepala keluarga;0;5/23/2025 6:03;5/23/2025 6:03;41;Insidentil;
30;3;pekarangan_tinggi;tinggi dominan tanaman pekarangan;tertutup;kepala keluarga;0;5/23/2025 6:03;5/23/2025 6:03;42;6 bulan;
31;3;pekarangan_jenis;jenis tanaman pekarangan;tertutup;kepala keluarga;0;5/23/2025 6:03;5/23/2025 6:03;43;6 bulan;
32;3;pekarangan_komoditas;tanaman di pekarangan dua tahun terakhir;tertutup;kepala keluarga;0;5/23/2025 6:03;5/23/2025 6:03;44;Tahunan;
33;3;aset_ekonomi;aset-aset ekonomi yang dimiliki;tertutup;kepala keluarga;0;5/23/2025 6:03;5/23/2025 6:03;45;Insidentil;
34;3;hp_punya;kepemilikan hp kepala keluarga;tertutup;kepala keluarga;0;5/23/2025 6:03;5/23/2025 6:03;46;Insidentil;
35;3;hp_jumlah;jumlah hp yang dimiliki kepala keluarga;tertutup;kepala keluarga;0;5/23/2025 6:03;5/23/2025 6:03;47;Insidentil;
36;3;hp_merk;merk hp;tertutup;kepala keluarga;0;5/23/2025 6:03;5/23/2025 6:03;48;Insidentil;
37;3;hp_provider;merk provider;tertutup;kepala keluarga;0;5/23/2025 6:03;5/23/2025 6:03;49;Insidentil;
38;3;rp_komunikasi;biaya komunikasi perbulan (rp);tertutup;kepala keluarga;0;5/23/2025 6:03;5/23/2025 6:03;51;6 bulan;
39;3;sampah_buang;Tempat/cara membuang sampah;tertutup;kepala keluarga;0;5/23/2025 6:03;5/23/2025 6:03;52;6 bulan;
40;1;menetap;tinggal menetap;tertutup;kepala keluarga;0;5/23/2025 6:03;5/23/2025 6:03;27;Insidentil;
41;4;bansos;keikutsertaan program bantuan;tertutup;kepala keluarga;0;5/23/2025 6:03;5/23/2025 6:03;55;6 bulan;
42;4;rp_kendaraan;biaya operasional kendaraan pertahun (rp) ;tertutup;kepala keluarga;0;5/23/2025 6:03;5/23/2025 6:03;68;Tahunan;
44;4;sepeda_jml;jumlah kepemilikan sepeda;tertutup;kepala keluarga;0;5/23/2025 6:03;5/23/2025 6:03;57;Insidentil;
45;4;motor_jml;jumlah kepemilikan sepeda motor;tertutup;kepala keluarga;0;5/23/2025 6:03;5/23/2025 6:03;58;Insidentil;
46;4;motor_merk;merk sepeda motor;tertutup;kepala keluarga;0;5/23/2025 6:03;5/23/2025 6:03;59;Insidentil;
47;4;mobil_jml;jumlah kepemilikan mobil;tertutup;kepala keluarga;0;5/23/2025 6:03;5/23/2025 6:03;62;Insidentil;
48;4;mobil_merk;merk mobil;tertutup;kepala keluarga;0;5/23/2025 6:03;5/23/2025 6:03;63;Insidentil;
49;4;perahu_jml;jumlah kepemilikan perahu;tertutup;kepala keluarga;0;5/23/2025 6:03;5/23/2025 6:03;65;Insidentil;
50;4;perahu_motor_jml;jumlah kepemilikan perahu motor;tertutup;kepala keluarga;0;5/23/2025 6:03;5/23/2025 6:03;66;Insidentil;
51;4;kapal_jml;jumlah kepemilikan kapal;tertutup;kepala keluarga;0;5/23/2025 6:03;5/23/2025 6:03;67;Insidentil;
52;4;par_organisasi;keterlibatan organisasi kepala keluarga;tertutup;kepala keluarga;0;5/23/2025 6:03;5/23/2025 6:03;70;6 bulan;
53;4;organisasi_nama;nama organisasi yang diikuti kepala keluarga;tertutup;kepala keluarga;0;5/23/2025 6:03;5/23/2025 6:03;71;6 bulan;
54;4;refreshing;frekuensi liburan keluarga (1 tahun terakhir);tertutup;kepala keluarga;0;5/23/2025 6:03;5/23/2025 6:03;73;Tahunan;
55;4;pinjaman;sumber pinjaman;tertutup;kepala keluarga;0;5/23/2025 6:03;5/23/2025 6:03;75;6 bulan;
56;4;rp_zakat;jumlah zakat yang dikeluarkan selama satu tahun terakhir (rp);tertutup;kepala keluarga;0;5/23/2025 6:03;5/23/2025 6:03;76;Tahunan;
57;4;wakaf;waqaf yang pernah diberikan oleh keluarga (barang/infrastruktur);tertutup;kepala keluarga;0;5/23/2025 6:03;5/23/2025 6:03;77;Tahunan;
58;4;rp_persepuluh;jumlah persepuluh yang dikeluarkan selama satu tahun terakhir (rp);tertutup;kepala keluarga;0;5/23/2025 6:03;5/23/2025 6:03;78;Tahunan;
59;4;rp_dharma;jumlah dharma dana yang dikeluarkan selama satu tahun terakhir (rp);tertutup;kepala keluarga;0;5/23/2025 6:03;5/23/2025 6:03;79;Tahunan;
60;4;rp_paramita;jumlah dana paramita yang dikeluarkan selama satu tahun terakhir (rp);tertutup;kepala keluarga;0;5/23/2025 6:03;5/23/2025 6:03;80;Tahunan;
61;4;rp_sumbangan;jumlah sumbangan sosial infaq dan sedekah dalam satu tahun terakhir (rp);tertutup;kepala keluarga;0;5/23/2025 6:03;5/23/2025 6:03;81;Tahunan;
62;4;media_informasi;media informasi;tertutup;kepala keluarga;0;5/23/2025 6:03;5/23/2025 6:03;83;6 bulan;
63;4;disabilitas;jenis disabilitas kepala keluarga;tertutup;kepala keluarga;0;5/23/2025 6:03;5/23/2025 6:03;85;Insidentil;
64;4;korban_kejahatan;pernah menjadi korban kejahatan di desa;tertutup;kepala keluarga;0;5/23/2025 6:03;5/23/2025 6:03;86;Tahunan;
65;5;kerja_profesi;profesi pekerjaan kepala keluarga;tertutup;kepala keluarga;0;5/23/2025 6:03;5/23/2025 6:03;90;6 bulan;
66;5;kerja_status;status pekerjaan;tertutup;kepala keluarga;0;5/23/2025 6:03;5/23/2025 6:03;91;6 bulan;
67;5;kerja_ket;keterangan pekerjaan utama;tertutup;kepala keluarga;0;5/23/2025 6:03;5/23/2025 6:03;93;6 bulan;
68;5;kerja_lokusaha;lokasi usaha;tertutup;kepala keluarga;0;5/23/2025 6:03;5/23/2025 6:03;94;6 bulan;
69;5;kerja_sampingan;pekerjaan sampingan kepala keluarga;tertutup;kepala keluarga;0;5/23/2025 6:03;5/23/2025 6:03;100;6 bulan;
70;5;kerja_sampingan_ket;keterangan pekerjaan sampingan;tertutup;kepala keluarga;0;5/23/2025 6:03;5/23/2025 6:03;101;6 bulan;
72;5;nel_jenis;jenis nelayan;tertutup;kepala keluarga;0;5/23/2025 6:03;5/23/2025 6:03;102;6 bulan;
90;5;keterampilan;keterampilan yang dimiliki kepala keluarga;tertutup;kepala keluarga;0;5/23/2025 6:03;5/23/2025 6:03;122;Insidentil;
91;5;pelatihan;keikutsertaan dalam pelatihan;tertutup;kepala keluarga;0;5/23/2025 6:03;5/23/2025 6:03;123;Insidentil;
92;5;pelatihan_ket;jenis pelatihan yang diikuti kepala keluarga;tertutup;kepala keluarga;0;5/23/2025 6:03;5/23/2025 6:03;124;Insidentil;
93;5;bpjs_kes;jkn-kis/bpjs;tertutup;kepala keluarga;0;5/23/2025 6:03;5/23/2025 6:03;125;Insidentil;
94;5;bpjs_tk;bpjs ketenagakerjaan;tertutup;kepala keluarga;0;5/23/2025 6:03;5/23/2025 6:03;128;Insidentil;
95;5;menabung;tempat menabung;tertutup;kepala keluarga;0;5/23/2025 6:03;5/23/2025 6:03;130;Insidentil;
96;5;rp_tabungan;jumlah tabungan keluarga perbulan (rp);tertutup;kepala keluarga;0;5/23/2025 6:03;5/23/2025 6:03;129;Insidentil;
97;5;tki;Adakah anggota keluarga yang bekerja diluar negeri;tertutup;kepala keluarga;0;5/23/2025 6:03;5/23/2025 6:03;131;Insidentil;
98;5;tki_tujuan;negara tujuan kerja;tertutup;kepala keluarga;0;5/23/2025 6:03;5/23/2025 6:03;132;Insidentil;
99;5;kb;program kb;tertutup;kepala keluarga;0;5/23/2025 6:03;5/23/2025 6:03;133;Insidentil;
101;5;penyakit_jenis;jenis penyakit berat kepala keluarga;tertutup;kepala keluarga;0;5/23/2025 6:03;5/23/2025 6:03;134;Insidentil;
102;5;lahan;lahan yang dimiliki atau dikelola keluarga;tertutup;kepala keluarga;0;5/23/2025 6:03;5/23/2025 6:03;136;6 bulan;
103;5;lahan_guna;pemanfaatan lahan;tertutup;kepala keluarga;0;5/23/2025 6:03;5/23/2025 6:03;137;6 bulan;
104;5;lahan_luasnon;luas lahan (meter persegi) non pertanian;tertutup;kepala keluarga;0;5/23/2025 6:03;5/23/2025 6:03;138;6 bulan;
105;5;lahan_status;status lahan pertanian;tertutup;kepala keluarga;0;5/23/2025 6:03;5/23/2025 6:03;139;6 bulan;
106;5;lahan_luas_dikelola;total luas (meter persegi) lahan yang dikelola;tertutup;kepala keluarga;0;5/23/2025 6:03;5/23/2025 6:03;140;6 bulan;
107;5;lahan_luas_tidakdikelola;luas (meter persegi) lahan milik;tertutup;kepala keluarga;0;5/23/2025 6:03;5/23/2025 6:03;141;6 bulan;
108;5;lahanmilik_irigasi;sumber air irigasi lahan milik;tertutup;kepala keluarga;0;5/23/2025 6:03;5/23/2025 6:03;142;6 bulan;
109;5;lahanmilik_bukti;bukti kepemilikan lahan milik;tertutup;kepala keluarga;0;5/23/2025 6:03;5/23/2025 6:03;143;6 bulan;
110;5;lahanmilik_komoditas;riwayat komoditas lahan milik;tertutup;kepala keluarga;0;5/23/2025 6:03;5/23/2025 6:03;144;6 bulan;
111;5;lahanmilik_lokasi;lokasi lahan milik;tertutup;kepala keluarga;0;5/23/2025 6:03;5/23/2025 6:03;145;6 bulan;
112;5;lahangarap_luas;luas (meter persegi) lahan garap;tertutup;kepala keluarga;0;5/23/2025 6:03;5/23/2025 6:03;146;6 bulan;
113;5;lahangarap_irigasi;sumber air irigasi lahan  garap;tertutup;kepala keluarga;0;5/23/2025 6:03;5/23/2025 6:03;147;6 bulan;
114;5;lahangarap_komoditas;riwayat komoditas lahan garap;tertutup;kepala keluarga;0;5/23/2025 6:03;5/23/2025 6:03;148;6 bulan;
115;5;lahangarap_lokasi;lokasi lahan garap;tertutup;kepala keluarga;0;5/23/2025 6:03;5/23/2025 6:03;149;6 bulan;
116;5;lahansewa_luas;luas(meter persegi) lahan sewa;tertutup;kepala keluarga;0;5/23/2025 6:03;5/23/2025 6:03;150;6 bulan;
117;5;lahansewa_irigasi;sumber air irigasi lahan  sewa;tertutup;kepala keluarga;0;5/23/2025 6:03;5/23/2025 6:03;151;6 bulan;
118;5;lahansewa_komoditas;riwayat komoditas lahan sewa;tertutup;kepala keluarga;0;5/23/2025 6:03;5/23/2025 6:03;152;Tahunan;
119;5;lahansewa_lokasi;lokasi lahan sewa;tertutup;kepala keluarga;0;5/23/2025 6:03;5/23/2025 6:03;153;6 bulan;
120;5;ternak;kepemilikan ternak;tertutup;kepala keluarga;0;5/23/2025 6:03;5/23/2025 6:03;154;6 bulan;
121;5;ternak_sapi;jumlah sapi;tertutup;kepala keluarga;0;5/23/2025 6:03;5/23/2025 6:03;155;Insidentil;
122;5;ternak_kerbau;jumlah kerbau;tertutup;kepala keluarga;0;5/23/2025 6:03;5/23/2025 6:03;156;Insidentil;
123;5;ternak_domba;jumlah domba;tertutup;kepala keluarga;0;5/23/2025 6:03;5/23/2025 6:03;157;Insidentil;
124;5;ternak_kambing;jumlah kambing;tertutup;kepala keluarga;0;5/23/2025 6:03;5/23/2025 6:03;158;Insidentil;
125;5;ternak_ayam;jumlah ayam;tertutup;kepala keluarga;0;5/23/2025 6:03;5/23/2025 6:03;159;Insidentil;
126;5;ternak_itik;jumlah itik;tertutup;kepala keluarga;0;5/23/2025 6:03;5/23/2025 6:03;160;Insidentil;
127;5;ternak_kuda;jumlah kuda;tertutup;kepala keluarga;0;5/23/2025 6:03;5/23/2025 6:03;161;Insidentil;
128;5;ternak_babi;jumlah babi;tertutup;kepala keluarga;0;5/23/2025 6:03;5/23/2025 6:03;162;Insidentil;
129;5;ternak_ikan;jumlah ikan (kg);tertutup;kepala keluarga;0;5/23/2025 6:03;5/23/2025 6:03;163;Insidentil;
130;6;baju_frek;frekuensi beli baju pertahun keluarga;tertutup;kepala keluarga;0;5/23/2025 6:03;5/23/2025 6:03;164;Tahunan;
131;6;rp_sph;biaya sandang, papan dan hiburan pertahun (rp);tertutup;kepala keluarga;0;5/23/2025 6:03;5/23/2025 6:03;165;Tahunan;
132;6;airbersih;sumber air bersih utama;tertutup;kepala keluarga;0;5/23/2025 6:03;5/23/2025 6:03;166;6 bulan;
133;6;airminum;sumber air minum utama;tertutup;kepala keluarga;0;5/23/2025 6:03;5/23/2025 6:03;167;Insidentil;
134;6;bahanbakar_masak;bahan bakar masak utama;tertutup;kepala keluarga;0;5/23/2025 6:03;5/23/2025 6:03;168;Insidentil;
135;6;makan_frek;frekuensi makan perhari;tertutup;kepala keluarga;0;5/23/2025 6:03;5/23/2025 6:03;169;6 bulan;
136;6;makan_menu;menu makan perhari;tertutup;kepala keluarga;0;5/23/2025 6:03;5/23/2025 6:03;170;6 bulan;
137;6;tempat_belanja;tempat membeli kebutuhan pokok utama;tertutup;kepala keluarga;0;5/23/2025 6:03;5/23/2025 6:03;171;6 bulan;
139;6;kon_beras;beras (liter) perbulan;tertutup;kepala keluarga;0;5/23/2025 6:03;5/23/2025 6:03;172;Insidentil;
140;6;kon_biskuit;biskuit (gram) perbulan;tertutup;kepala keluarga;0;5/23/2025 6:03;5/23/2025 6:03;173;Insidentil;
141;6;kon_jagung;jagung (kg) perbulan;tertutup;kepala keluarga;0;5/23/2025 6:03;5/23/2025 6:03;174;Insidentil;
142;6;kon_kentang;kentang (kg) perbulan;tertutup;kepala keluarga;0;5/23/2025 6:03;5/23/2025 6:03;175;Insidentil;
143;6;kon_mie;mie (bungkus) perbulan;tertutup;kepala keluarga;0;5/23/2025 6:03;5/23/2025 6:03;176;Insidentil;
144;6;kon_roti;roti tawar (bungkus) per bulan;tertutup;kepala keluarga;0;5/23/2025 6:03;5/23/2025 6:03;177;Insidentil;
145;6;kon_singkong;singkong (kg) perbulan;tertutup;kepala keluarga;0;5/23/2025 6:03;5/23/2025 6:03;178;Insidentil;
146;6;kon_sukun;sukun (kg) perbulan;tertutup;kepala keluarga;0;5/23/2025 6:03;5/23/2025 6:03;179;Insidentil;
147;6;kon_ketan;beras ketan (liter) perbulan;tertutup;kepala keluarga;0;5/23/2025 6:03;5/23/2025 6:03;180;Insidentil;
148;6;kon_sapi;daging sapi (kg) perbulan;tertutup;kepala keluarga;0;5/23/2025 6:03;5/23/2025 6:03;181;Insidentil;
149;6;kon_ayam;daging ayam (kg) perbulan;tertutup;kepala keluarga;0;5/23/2025 6:03;5/23/2025 6:03;182;Insidentil;
150;6;kon_babi;daging babi (kg) perbulan;tertutup;kepala keluarga;0;5/23/2025 6:03;5/23/2025 6:03;183;Insidentil;
151;6;kon_ikan_segar;ikan segar (kg) perbulan;tertutup;kepala keluarga;0;5/23/2025 6:03;5/23/2025 6:03;184;Insidentil;
152;6;kon_ikan_asin;ikan kering/asin (kg);tertutup;kepala keluarga;0;5/23/2025 6:03;5/23/2025 6:03;185;Insidentil;
153;6;kon_telur;telur ayam (kg) perbulan;tertutup;kepala keluarga;0;5/23/2025 6:03;5/23/2025 6:03;186;Insidentil;
154;6;kon_kacang_hijau;kacang hijau (kg) perbulan;tertutup;kepala keluarga;0;5/23/2025 6:03;5/23/2025 6:03;187;Insidentil;
155;6;kon_kacang_merah;kacang merah (kg) perbulan;tertutup;kepala keluarga;0;5/23/2025 6:03;5/23/2025 6:03;188;Insidentil;
156;6;kon_kacang_kedelai;kacang kedelai (kg) perbulan;tertutup;kepala keluarga;0;5/23/2025 6:03;5/23/2025 6:03;189;Insidentil;
157;6;kon_kacang_mede;kacang mede (kg) perbulan;tertutup;kepala keluarga;0;5/23/2025 6:03;5/23/2025 6:03;190;Insidentil;
158;6;kon_tahu;tahu (bungkus) perbulan;tertutup;kepala keluarga;0;5/23/2025 6:03;5/23/2025 6:03;191;Insidentil;
159;6;kon_tempe;tempe (bungkus) perbulan;tertutup;kepala keluarga;0;5/23/2025 6:03;5/23/2025 6:03;192;Insidentil;
160;6;kon_bayam;bayam (ikat) perbulan;tertutup;kepala keluarga;0;5/23/2025 6:03;5/23/2025 6:03;193;Insidentil;
161;6;kon_kangkung;kangkung (ikat) perbulan;tertutup;kepala keluarga;0;5/23/2025 6:03;5/23/2025 6:03;194;Insidentil;
162;6;kon_sawi;sawi (ikat) perbulan;tertutup;kepala keluarga;0;5/23/2025 6:03;5/23/2025 6:03;195;Insidentil;
163;6;kon_terong;terong (kg) perbulan;tertutup;kepala keluarga;0;5/23/2025 6:03;5/23/2025 6:03;196;Insidentil;
164;6;kon_oyong;oyong/gambas (kg) perbulan;tertutup;kepala keluarga;0;5/23/2025 6:03;5/23/2025 6:03;197;Insidentil;
165;6;kon_daun_singkong;daun singkong (ikat) perbulan;tertutup;kepala keluarga;0;5/23/2025 6:03;5/23/2025 6:03;198;Insidentil;
166;6;kon_daun_ubi;daun ubi (ikat) perbulan;tertutup;kepala keluarga;0;5/23/2025 6:03;5/23/2025 6:03;199;Insidentil;
167;6;kon_jeruk;jeruk (kg) perbulan;tertutup;kepala keluarga;0;5/23/2025 6:03;5/23/2025 6:03;201;Insidentil;
168;6;kon_mangga;mangga (kg) perbulan;tertutup;kepala keluarga;0;5/23/2025 6:03;5/23/2025 6:03;202;Insidentil;
169;6;kon_pepaya;pepaya (kg) perbulan;tertutup;kepala keluarga;0;5/23/2025 6:03;5/23/2025 6:03;203;Insidentil;
170;6;kon_pisang;pisang (kg) perbulan;tertutup;kepala keluarga;0;5/23/2025 6:03;5/23/2025 6:03;204;Insidentil;
171;6;kon_alpukat;alpukat (kg) perbulan;tertutup;kepala keluarga;0;5/23/2025 6:03;5/23/2025 6:03;205;Insidentil;
172;6;kon_semangka;semangka (kg) perbulan;tertutup;kepala keluarga;0;5/23/2025 6:03;5/23/2025 6:03;206;Insidentil;
173;6;kon_melon;melon (kg) perbulan;tertutup;kepala keluarga;0;5/23/2025 6:03;5/23/2025 6:03;207;Insidentil;
174;6;kon_cabai;cabai (kg) perbulan;tertutup;kepala keluarga;0;5/23/2025 6:03;5/23/2025 6:03;208;Insidentil;
175;6;kon_bamer;bawang merah (kg) perbulan;tertutup;kepala keluarga;0;5/23/2025 6:03;5/23/2025 6:03;209;Insidentil;
176;6;kon_baput;bawang putih (kg) perbulan;tertutup;kepala keluarga;0;5/23/2025 6:03;5/23/2025 6:03;210;Insidentil;
177;6;kon_migor;minyak goreng (liter) perbulan;tertutup;kepala keluarga;0;5/23/2025 6:03;5/23/2025 6:03;211;Insidentil;
178;6;kon_gas;gas (kg) perbulan;tertutup;kepala keluarga;0;5/23/2025 6:03;5/23/2025 6:03;212;Insidentil;
179;6;kon_garam;garam (gram) perbulan;tertutup;kepala keluarga;0;5/23/2025 6:03;5/23/2025 6:03;213;Insidentil;
180;6;kon_gula;gula (kg) perbulan;tertutup;kepala keluarga;0;5/23/2025 6:03;5/23/2025 6:03;214;Insidentil;
181;6;kon_susu;susu (gelas) perbulan;tertutup;kepala keluarga;0;5/23/2025 6:03;5/23/2025 6:03;215;Insidentil;
182;6;kon_teh;teh (gelas) perbulan;tertutup;kepala keluarga;0;5/23/2025 6:03;5/23/2025 6:03;216;Insidentil;
183;6;kon_kopi;kopi (gelas) perbulan;tertutup;kepala keluarga;0;5/23/2025 6:03;5/23/2025 6:03;217;Insidentil;
184;6;kon_rokok;rokok  (bungkus) perbulan;tertutup;kepala keluarga;0;5/23/2025 6:03;5/23/2025 6:03;218;Insidentil;
185;6;rumah_pln;daya pln;tertutup;kepala keluarga;0;5/23/2025 6:03;5/23/2025 6:03;221;6 bulan;
186;6;rp_listrik;biaya listrik perbulan (rp);tertutup;kepala keluarga;0;5/23/2025 6:03;5/23/2025 6:03;223;6 bulan;
187;6;rumah_lantai;jenis lantai terluas;tertutup;kepala keluarga;0;5/23/2025 6:03;5/23/2025 6:03;224;Tahunan;
188;6;rumah_dinding;jenis dinding terluas;tertutup;kepala keluarga;0;5/23/2025 6:03;5/23/2025 6:03;225;Tahunan;
189;6;rumah_atap;jenis atap terluas;tertutup;kepala keluarga;0;5/23/2025 6:03;5/23/2025 6:03;226;Tahunan;
190;6;rumah_jamban;kepemilikan jamban;tertutup;kepala keluarga;0;5/23/2025 6:03;5/23/2025 6:03;227;Tahunan;
191;6;rumah_kamar;jumlah kamar tidur;tertutup;kepala keluarga;0;5/23/2025 6:03;5/23/2025 6:03;228;Tahunan;
192;6;rumah_milik;status kepemilikan rumah;tertutup;kepala keluarga;0;5/23/2025 6:03;5/23/2025 6:03;229;Tahunan;
193;1;nama;nama anggota keluarga (sesuai KTP);tertutup;anggota keluarga;0;5/23/2025 6:03;5/23/2025 6:03;239;6 bulan;
194;1;nik;nik anggota keluarga;tertutup;anggota keluarga;0;5/23/2025 6:03;5/23/2025 6:03;240;6 bulan;
195;1;status_dalam_keluarga;status dalam keluarga;tertutup;anggota keluarga;0;5/23/2025 6:03;5/23/2025 6:03;244;Insidentil;
196;1;punya_ktp;kepemilikan ktp/kia;tertutup;anggota keluarga;0;5/23/2025 6:03;5/23/2025 6:03;245;Insidentil;
197;1;punya_aktalahir;kepemilikan akta lahir;tertutup;anggota keluarga;0;5/23/2025 6:03;5/23/2025 6:03;246;Insidentil;
198;1;tgl_lahir;tanggal lahir anggota keluarga;tertutup;anggota keluarga;0;5/23/2025 6:03;5/23/2025 6:03;247;Insidentil;
199;1;jk;jenis kelamin;tertutup;anggota keluarga;0;5/23/2025 6:03;5/23/2025 6:03;248;Tidak Berubah;
200;2;agama;agama;tertutup;anggota keluarga;0;5/23/2025 6:03;5/23/2025 6:03;249;Tidak Berubah;
201;2;partisipasi_sekolah;partisipasi sekolah;tertutup;anggota keluarga;0;5/23/2025 6:03;5/23/2025 6:03;250;6 bulan;
202;2;ijazah;pendidikan/ijazah terakhir;tertutup;anggota keluarga;0;5/23/2025 6:03;5/23/2025 6:03;251;Tahunan;
203;2;bantuan_pendidikan;bantuan pendidikan;tertutup;anggota keluarga;0;5/23/2025 6:03;5/23/2025 6:03;252;6 bulan;
204;2;suku;etnis/suku;tertutup;anggota keluarga;0;5/23/2025 6:03;5/23/2025 6:03;253;Tidak Berubah;
205;3;hp_punya;kepemilikan hp;tertutup;anggota keluarga;0;5/23/2025 6:03;5/23/2025 6:03;254;Insidentil;
206;3;hp_jumlah;jumlah hp yang dimiliki;tertutup;anggota keluarga;0;5/23/2025 6:03;5/23/2025 6:03;255;Insidentil;
207;3;hp_merk;merk hp;tertutup;anggota keluarga;0;5/23/2025 6:03;5/23/2025 6:03;256;Insidentil;
208;3;hp_provider;merk provider;tertutup;anggota keluarga;0;5/23/2025 6:03;5/23/2025 6:03;257;Insidentil;
209;3;disabilitas;jenis disabilitas;tertutup;anggota keluarga;0;5/23/2025 6:03;5/23/2025 6:03;260;6 bulan;
210;4;par_organisasi;partisipasi organisasi anggota keluarga;tertutup;anggota keluarga;0;5/23/2025 6:03;5/23/2025 6:03;261;6 bulan;
211;4;organisasi_nama;nama organisasi;tertutup;anggota keluarga;0;5/23/2025 6:03;5/23/2025 6:03;262;6 bulan;
212;4;korban_kejahatan;pernah menjadi korban kejahatan di desa;tertutup;anggota keluarga;0;5/23/2025 6:03;5/23/2025 6:03;265;Tahunan;
213;5;kerja_profesi;profesi pekerjaan;tertutup;anggota keluarga;0;5/23/2025 6:03;5/23/2025 6:03;270;6 bulan;
214;5;kerja_status;status pekerjaan;tertutup;anggota keluarga;0;5/23/2025 6:03;5/23/2025 6:03;271;6 bulan;
215;5;kerja_ket;keterangan pekerjaan utama;tertutup;anggota keluarga;0;5/23/2025 6:03;5/23/2025 6:03;272;6 bulan;
216;5;kerja_lokusaha;lokasi usaha;tertutup;anggota keluarga;0;5/23/2025 6:03;5/23/2025 6:03;273;6 bulan;
217;5;kerja_sampingan;pekerjaan sampingan;tertutup;anggota keluarga;0;5/23/2025 6:03;5/23/2025 6:03;279;6 bulan;
218;5;kerja_sampingan_ket;keterangan pekerjaan sampingan;tertutup;anggota keluarga;0;5/23/2025 6:03;5/23/2025 6:03;280;6 bulan;
238;5;keterampilan;keterampilan yang dimiliki;tertutup;anggota keluarga;0;5/23/2025 6:03;5/23/2025 6:03;301;Insidentil;
239;5;pelatihan;keikutsertaan dalam pelatihan;tertutup;anggota keluarga;0;5/23/2025 6:03;5/23/2025 6:03;302;Insidentil;
240;5;pelatihan_ket;jenis pelatihan yang diikuti;tertutup;anggota keluarga;0;5/23/2025 6:03;5/23/2025 6:03;303;Insidentil;
241;5;bpjs_kes;jkn-kis/bpjs;tertutup;anggota keluarga;0;5/23/2025 6:03;5/23/2025 6:03;304;Insidentil;
242;5;bpjs_tk;bpjs ketenagakerjaan;tertutup;anggota keluarga;0;5/23/2025 6:03;5/23/2025 6:03;306;Insidentil;
243;5;penyakit_jenis;jenis penyakit berat anggota keluarga;tertutup;anggota keluarga;0;5/23/2025 6:03;5/23/2025 6:03;308;Insidentil;
244;5;anak_asi;asi eksklusif;tertutup;anggota keluarga;0;5/23/2025 6:03;5/23/2025 6:03;309;Insidentil;
245;5;anak_periksa;memeriksakan bayi ke fasilitas kesehatan;tertutup;anggota keluarga;0;5/23/2025 6:03;5/23/2025 6:03;310;Insidentil;
246;5;anak_mpasi;jenis makanan pendamping asi yang diberikan;tertutup;anggota keluarga;0;5/23/2025 6:03;5/23/2025 6:03;311;Insidentil;
247;5;anak_tb;tinggi badan saat ini (cm);tertutup;anggota keluarga;0;5/23/2025 6:03;5/23/2025 6:03;312;Insidentil;
248;5;anak_bb;berat badan saat ini (kg);tertutup;anggota keluarga;0;5/23/2025 6:03;5/23/2025 6:03;313;Insidentil;
249;1;tgl_kawin;tanggal perkawinan kepala keluarga;tertutup;kepala keluarga;0;5/23/2025 6:03;5/23/2025 6:03;16;Insidentil;
250;1;dead_jml;jumlah anggota keluarga yang meninggal;tertutup;kepala keluarga;0;5/23/2025 6:03;5/23/2025 6:03;23;Insidentil;
251;1;;nama anggota keluarga yang meninggal;tertutup;meninggal;1;5/23/2025 6:03;5/23/2025 6:03;315;;
252;1;;tanggal lahir anggota keluarga yang meninggal;tertutup;meninggal;1;5/23/2025 6:03;5/23/2025 6:03;317;;
253;1;;tanggal kematian;tertutup;meninggal;1;5/23/2025 6:03;5/23/2025 6:03;318;;
254;1;;penyebab kematian;tertutup;meninggal;1;5/23/2025 6:03;5/23/2025 6:03;319;;
255;4;motorlistrik_jml;jumlah kepemilikan motor listrik;tertutup;kepala keluarga;0;5/23/2025 6:03;5/23/2025 6:03;60;Insidentil;
256;4;mobillistrik_jml;jumlah kepemilikan mobil listrik;tertutup;kepala keluarga;0;5/23/2025 6:03;5/23/2025 6:03;61;Insidentil;
257;4;par_masyarakat;partisipasi kegiatan masyarakat yang diikuti kepala keluarga;tertutup;kepala keluarga;0;5/23/2025 6:03;5/23/2025 6:03;74;6 bulan;
258;4;par_pemilu;partisipasi pemilu/pilkada/pilkades kepala keluarga;tertutup;kepala keluarga;0;5/23/2025 6:03;5/23/2025 6:03;72;Tahunan;
259;6;kon_kelor;daun kelor (ikat) perbulan;tertutup;kepala keluarga;0;5/23/2025 6:03;5/23/2025 6:03;200;Insidentil;
260;6;rumah_tingkat;jumlah tingkat rumah;tertutup;kepala keluarga;0;5/23/2025 6:03;5/23/2025 6:03;230;Tahunan;
261;6;rumah_luas;luas bangunan rumah (meter persegi);tertutup;kepala keluarga;0;5/23/2025 6:03;5/23/2025 6:03;231;Tahunan;
262;4;par_masyarakat;partisipasi kegiatan masyarakat yang diikuti anggota keluarga;tertutup;anggota keluarga;0;5/23/2025 6:03;5/23/2025 6:03;263;6 bulan;
263;4;par_pemilu;partisipasi pemilu/pilkada/pilkades anggota keluarga;tertutup;anggota keluarga;0;5/23/2025 6:03;5/23/2025 6:03;264;Tahunan;
264;4;elektronik_rumah;kepemilikan elektronik rumahan;tertutup;kepala keluarga;0;5/23/2025 6:03;5/23/2025 6:03;56;Insidentil;
265;4;kendaraan_jml;jumlah total kendaraan bermotor dalam rumah;tertutup;kepala keluarga;0;5/23/2025 6:03;5/23/2025 6:03;64;Insidentil;
266;4;;nomor kendaraan;tertutup;kendaraan;1;5/23/2025 6:03;5/23/2025 6:03;329;;
267;4;;kendaraan terdaftar di provinsi;tertutup;kendaraan;1;5/23/2025 6:03;5/23/2025 6:03;330;;
268;4;;kelengakapan surat kendaraan;tertutup;kendaraan;1;5/23/2025 6:03;5/23/2025 6:03;332;;
269;4;;nama pemilik (stnk);tertutup;kendaraan;1;5/23/2025 6:03;5/23/2025 6:03;333;;
270;4;;merk;tertutup;kendaraan;1;5/23/2025 6:03;5/23/2025 6:03;323;;
271;4;;tipe;tertutup;kendaraan;1;5/23/2025 6:03;5/23/2025 6:03;324;;
272;4;;jenis;tertutup;kendaraan;1;5/23/2025 6:03;5/23/2025 6:03;322;;
273;4;;tahun pembuatan;tertutup;kendaraan;1;5/23/2025 6:03;5/23/2025 6:03;328;;
274;4;;isi silinder/daya listrik;tertutup;kendaraan;1;5/23/2025 6:03;5/23/2025 6:03;327;;
275;4;;bahan bakar yang digunakan;tertutup;kendaraan;1;5/23/2025 6:03;5/23/2025 6:03;326;;
276;4;;terakhir bayar pajak (tahun);tertutup;kendaraan;1;5/23/2025 6:03;5/23/2025 6:03;334;;
277;4;;kepemilikan ke;tertutup;kendaraan;1;5/23/2025 6:03;5/23/2025 6:03;335;;
278;4;;media pembayaran pajak kendaraan;tertutup;kendaraan;1;5/23/2025 6:03;5/23/2025 6:03;336;;
279;4;hukum_bantuan;apakah kepala keluarga pernah mendapatkan bantuan hukum ;tertutup;kepala keluarga;0;5/23/2025 6:03;5/23/2025 6:03;87;6 bulan;
280;4;hukum_jenis;bentuk bantuan hukum kepala keluarga;tertutup;kepala keluarga;0;5/23/2025 6:03;5/23/2025 6:03;88;6 bulan;
281;4;par_kebijakan;partisipasi dalam perencanaan kebijakan kepala keluarga;tertutup;kepala keluarga;0;5/23/2025 6:03;5/23/2025 6:03;89;6 bulan;
282;1;akta_nikah;kepemilikan akta nikah;tertutup;kepala keluarga;0;5/23/2025 6:03;5/23/2025 6:03;13;Insidentil;
283;1;;kepemilikan akta kematian;tertutup;meninggal;1;5/23/2025 6:03;5/23/2025 6:03;320;;
284;1;akta_cerai;kepemilikan akta perceraian;tertutup;kepala keluarga;0;5/23/2025 6:03;5/23/2025 6:03;14;Insidentil;
287;6;nomor_objek_pajak;nomor objek pajak bumi dan bangunan (pbb);tertutup;kepala keluarga;0;5/23/2025 6:03;5/23/2025 6:03;234;Insidentil;
288;4;hukum_bantuan;apakah anggota keluarga pernah mendapatkan bantuan hukum ;tertutup;anggota keluarga;0;5/23/2025 6:03;5/23/2025 6:03;266;6 bulan;
289;4;hukum_jenis;bentuk bantuan hukum anggota keluarga;tertutup;anggota keluarga;0;5/23/2025 6:03;5/23/2025 6:03;267;6 bulan;
290;4;par_kebijakan;partisipasi dalam perencanaan kebijakan anggota keluarga;tertutup;anggota keluarga;0;5/23/2025 6:03;5/23/2025 6:03;268;6 bulan;
291;6;tanah_bukti;bukti kepemilikan tanah bangunan;tertutup;kepala keluarga;0;5/23/2025 6:03;5/23/2025 6:03;232;Tahunan;
292;6;pbb_punya;memiliki pajak bumi dan bangunan (pbb);tertutup;kepala keluarga;0;5/23/2025 6:03;5/23/2025 6:03;233;Tahunan;
293;6;pbb_tahunbayar;tahun terakhir bayar pajak bumi dan bangunan (pbb);tertutup;kepala keluarga;0;5/23/2025 6:03;5/23/2025 6:03;236;Tahunan;
294;3;sampah_pilah;pemilahan sampah organik dan anorganik;tertutup;kepala keluarga;0;5/23/2025 6:03;5/23/2025 6:03;53;6 bulan;
295;3;sampah_olah;pengolahan sampah;tertutup;kepala keluarga;0;5/23/2025 6:03;5/23/2025 6:03;54;6 bulan;
296;1;;nik anggota keluarga yang meninggal;tertutup;meninggal;1;5/23/2025 6:03;5/23/2025 6:03;316;;
299;1;kesediaan;kesediaan sebagai responden;tertutup;kepala keluarga;0;5/23/2025 6:03;5/23/2025 6:03;3;6 bulan;
300;1;punya_kk;kepemilikan kartu keluarga;tertutup;kepala keluarga;0;5/23/2025 6:03;5/23/2025 6:03;5;6 bulan;
301;2;pendidikan_anggota;jumlah anggota keluarga yang sedang sekolah;tertutup;kepala keluarga;0;5/23/2025 6:03;5/23/2025 6:03;30;6 bulan;
302;3;wifi;akses terhadap internet wifi kepala keluarga;tertutup;kepala keluarga;0;5/23/2025 6:03;5/23/2025 6:03;50;Insidentil;
303;4;rp_transportasi;biaya transportasi umum perbulan (rp);tertutup;kepala keluarga;0;5/23/2025 6:03;5/23/2025 6:03;69;6 bulan;
304;4;medsos;penggunaan media sosial;tertutup;kepala keluarga;0;5/23/2025 6:03;5/23/2025 6:03;84;6 bulan;
305;4;rp_cicilan;pengeluaran untuk cicilan perbulan (rp);tertutup;kepala keluarga;0;5/23/2025 6:03;5/23/2025 6:03;82;6 bulan;
306;6;rp_pangan;biaya belanja bulanan pangan (rp);tertutup;kepala keluarga;0;5/23/2025 6:03;5/23/2025 6:03;219;6 bulan;
307;6;rp_non_pangan;biaya belanja bulanan non pangan (rp);tertutup;kepala keluarga;0;5/23/2025 6:03;5/23/2025 6:03;220;6 bulan;
308;3;wifi;akses terhadap internet wifi anggota keluarga;tertutup;anggota keluarga;0;5/23/2025 6:03;5/23/2025 6:03;258;Insidentil;
309;5;asuransi_kes;asuransi kesehatan selain bpjs;tertutup;kepala keluarga;0;5/23/2025 6:03;5/23/2025 6:03;126;Insidentil;
310;6;rumah_solar;kepemilikan solar panel;tertutup;kepala keluarga;0;5/23/2025 6:03;5/23/2025 6:03;222;Insidentil;
311;1;status_kawin;status perkawinan anggota keluarga;tertutup;anggota keluarga;0;5/23/2025 6:03;5/23/2025 6:03;241;Insidentil;
312;5;asuransi_kes;asuransi kesehatan selain bpjs anggota;tertutup;anggota keluarga;0;5/23/2025 6:03;5/23/2025 6:03;305;Insidentil;
313;4;;bukti kepemilikan kendaraan bermotor;tertutup;kendaraan;1;5/23/2025 6:03;5/23/2025 6:03;331;;
314;4;;transmisi;tertutup;kendaraan;1;5/23/2025 6:03;5/23/2025 6:03;325;;
315;1;akta_nikah;kepemilikan akta nikah anggota;tertutup;anggota keluarga;0;5/23/2025 6:03;5/23/2025 6:03;242;Insidentil;
316;1;akta_cerai;kepemilikan akta perceraian anggota;tertutup;anggota keluarga;0;5/23/2025 6:03;5/23/2025 6:03;243;Insidentil;
317;4;;apakah bersedia menjawab pertanyaan terkait detail kendaraan;tertutup;kendaraan;1;5/23/2025 6:03;5/23/2025 6:03;321;;
318;5;kerja_skalausaha;skala usaha;tertutup;kepala keluarga;0;5/23/2025 6:03;5/23/2025 6:03;92;6 bulan;
319;5;nel_kepemilikan;status nelayan berdasarkan kepemilikan;tertutup;kepala keluarga;0;5/23/2025 6:03;5/23/2025 6:03;103;6 bulan;
320;5;nel_waktu;status nelayan berdasarkan waktu;tertutup;kepala keluarga;0;5/23/2025 6:03;5/23/2025 6:03;104;6 bulan;
321;5;nel_ukurankapal;status nelayan berdasarkan ukuran kapal;tertutup;kepala keluarga;0;5/23/2025 6:03;5/23/2025 6:03;105;6 bulan;
322;5;nel_penangkapan;area operasi penangkapan;tertutup;kepala keluarga;0;5/23/2025 6:03;5/23/2025 6:03;106;6 bulan;
323;5;nel_alat_tangkap;alat tangkap yang digunakan;tertutup;kepala keluarga;0;5/23/2025 6:03;5/23/2025 6:03;107;6 bulan;
324;5;nel_ikan_tangkap;jenis tangkapan utama;tertutup;kepala keluarga;0;5/23/2025 6:03;5/23/2025 6:03;108;6 bulan;
325;5;nel_ikan_kecil_perlakuan;kebiasaan terhadap anak ikan/benih ikan yang tertangkap;tertutup;kepala keluarga;0;5/23/2025 6:03;5/23/2025 6:03;109;6 bulan;
326;5;nel_buang_sampah;tempat pembuangan sampah aktivitas nelayan;tertutup;kepala keluarga;0;5/23/2025 6:03;5/23/2025 6:03;110;6 bulan;
327;5;nel_pelatihan;pernah mengikuti pelatihan tentang perikanan;tertutup;kepala keluarga;0;5/23/2025 6:03;5/23/2025 6:03;111;Insidentil;
328;5;nel_pelatihan_jenis;jenis Pelatihan yang pernah diikuti;tertutup;kepala keluarga;0;5/23/2025 6:03;5/23/2025 6:03;112;Insidentil;
329;5;nel_jenis_budidaya;jenis budidaya yang dijalankan;tertutup;kepala keluarga;0;5/23/2025 6:03;5/23/2025 6:03;113;6 bulan;
330;5;nel_biota_jenis;jenis biota yang dibudidayakan;tertutup;kepala keluarga;0;5/23/2025 6:03;5/23/2025 6:03;114;6 bulan;
331;5;nel_budidaya_sarana;sarana budidaya yang digunakan;tertutup;kepala keluarga;0;5/23/2025 6:03;5/23/2025 6:03;115;6 bulan;
332;5;nel_sumber_air;sumber air yang digunakan;tertutup;kepala keluarga;0;5/23/2025 6:03;5/23/2025 6:03;116;6 bulan;
333;5;nel_bibit;sumber bibit/benih;tertutup;kepala keluarga;0;5/23/2025 6:03;5/23/2025 6:03;117;6 bulan;
334;5;nel_produksi;jumlah produksi dalam satu siklus panen;tertutup;kepala keluarga;0;5/23/2025 6:03;5/23/2025 6:03;118;6 bulan;
335;5;nel_hasil_jual;kemana hasil panen dijual;tertutup;kepala keluarga;0;5/23/2025 6:03;5/23/2025 6:03;119;6 bulan;
336;5;nel_pernah;apakah pernah mengikuti pelatihan budidaya;tertutup;kepala keluarga;0;5/23/2025 6:03;5/23/2025 6:03;120;Insidentil;
337;5;nel_asuransi;mengikuti program asuransi nelayan/pembudidaya ikan;tertutup;kepala keluarga;0;5/23/2025 6:03;5/23/2025 6:03;121;Insidentil;
338;5;nel_jenis;jenis nelayan;tertutup;anggota keluarga;0;5/23/2025 6:03;5/23/2025 6:03;281;6 bulan;
339;5;nel_kepemilikan;Status nelayan berdasarkan kepemilikan;tertutup;anggota keluarga;0;5/23/2025 6:03;5/23/2025 6:03;282;6 bulan;
340;5;nel_sumber_air;Status nelayan berdasarkan waktu;tertutup;anggota keluarga;0;5/23/2025 6:03;5/23/2025 6:03;283;6 bulan;
341;5;nel_ukurankapal;Status nelayan berdasarkan ukuran kapal;tertutup;anggota keluarga;0;5/23/2025 6:03;5/23/2025 6:03;284;6 bulan;
342;5;nel_penangkapan;Area operasi penangkapan;tertutup;anggota keluarga;0;5/23/2025 6:03;5/23/2025 6:03;285;6 bulan;
343;5;nel_alat_tangkap;Alat tangkap yang digunakan;tertutup;anggota keluarga;0;5/23/2025 6:03;5/23/2025 6:03;286;6 bulan;
344;5;nel_ikan_tangkap;Jenis tangkapan utama;tertutup;anggota keluarga;0;5/23/2025 6:03;5/23/2025 6:03;287;6 bulan;
345;5;nel_ikan_kecil_perlakuan;kebiasaan terhadap anak ikan/benih ikan yang tertangkap;tertutup;anggota keluarga;0;5/23/2025 6:03;5/23/2025 6:03;288;6 bulan;
346;5;nel_buang_sampah;tempat pembuangan sampah aktivitas nelayan;tertutup;anggota keluarga;0;5/23/2025 6:03;5/23/2025 6:03;289;6 bulan;
347;5;nel_pelatihan;Pernah mengikuti pelatihan tentang perikanan;tertutup;anggota keluarga;0;5/23/2025 6:03;5/23/2025 6:03;290;Insidentil;
348;5;nel_pelatihan_jenis;Jenis Pelatihan yang pernah diikuti;tertutup;anggota keluarga;0;5/23/2025 6:03;5/23/2025 6:03;291;Insidentil;
349;5;nel_budidaya_jenis;Jenis budidaya yang dijalankan;tertutup;anggota keluarga;0;5/23/2025 6:03;5/23/2025 6:03;292;6 bulan;
350;5;nel_biota_jenis;Jenis biota yang dibudidayakan;tertutup;anggota keluarga;0;5/23/2025 6:03;5/23/2025 6:03;293;6 bulan;
351;5;nel_budidaya_sarana;Sarana budidaya yang digunakan;tertutup;anggota keluarga;0;5/23/2025 6:03;5/23/2025 6:03;294;6 bulan;
352;5;nel_sumber_air;Sumber air yang digunakan;tertutup;anggota keluarga;0;5/23/2025 6:03;5/23/2025 6:03;295;6 bulan;
353;5;nel_bibit;Sumber bibit/benih;tertutup;anggota keluarga;0;5/23/2025 6:03;5/23/2025 6:03;296;6 bulan;
354;5;nel_produksi;Jumlah produksi dalam satu siklus panen;tertutup;anggota keluarga;0;5/23/2025 6:03;5/23/2025 6:03;297;6 bulan;
355;5;nel_hasil_jual;Kemana hasil panen dijual;tertutup;anggota keluarga;0;5/23/2025 6:03;5/23/2025 6:03;298;6 bulan;
356;5;nel_pernah;Apakah pernah mengikuti pelatihan budidaya;tertutup;anggota keluarga;0;5/23/2025 6:03;5/23/2025 6:03;299;Insidentil;
357;5;nel_asuransi;Mengikuti program asuransi nelayan/pembudidaya ikan;tertutup;anggota keluarga;0;5/23/2025 6:03;5/23/2025 6:03;300;Insidentil;
358;1;;Jenis bangunan;tertutup;bangunan;0;5/23/2025 13:45;5/23/2025 13:45;1;Tahunan;
359;1;;Foto bangunan;tertutup;bangunan;0;5/23/2025 13:45;5/23/2025 13:45;2;Tahunan;
360;5;;Apakah merokok;tertutup;anggota keluarga;1;5/24/2025 9:49;5/24/2025 9:49;314;;
361;5;;Apakah merokok;tertutup;kepala keluarga;1;5/24/2025 9:49;5/24/2025 9:49;135;;
362;1;;apakah tempat tinggal sama dengan alamat di KTP;tertutup;kepala keluarga;1;8/19/2025 10:49;8/19/2025 10:49;9;;
363;4;;penggunaan media sosial;tertutup;anggota keluarga;1;5/23/2025 6:03;5/23/2025 6:03;259;;
364;6;;nama objek pajak bumi dan bangunan (pbb);tertutup;kepala keluarga;1;9/30/2025 15:36;9/30/2025 15:36;235;;
365;5;;nama asuransi kesehatan kepala keluarga;tertutup;kepala keluarga;1;9/30/2025 15:53;9/30/2025 15:53;127;;
366;5;;nama asuransi kesehatan anggota keluarga;tertutup;anggota keluarga;1;9/30/2025 15:53;9/30/2025 15:53;307;;
369;5;;nama usaha;tertutup;kepala keluarga;1;5/23/2025 6:03;5/23/2025 6:03;95;;
370;5;;alamat usaha;tertutup;kepala keluarga;1;5/23/2025 6:03;5/23/2025 6:03;96;;
371;5;;kepemilikan izin usaha;tertutup;kepala keluarga;1;5/23/2025 6:03;5/23/2025 6:03;97;;
372;5;;berapa penghasilan omzet usaha;tertutup;kepala keluarga;1;5/23/2025 6:03;5/23/2025 6:03;98;;
373;5;;berapa jumlah tenaga kerja pada usaha;tertutup;kepala keluarga;1;5/23/2025 6:03;5/23/2025 6:03;99;;
379;6;;kondisi rumah saat ini;tertutup;kepala keluarga;1;5/23/2025 6:03;5/23/2025 6:03;237;;
380;6;;bagian rumah yang rusak;tertutup;kepala keluarga;1;5/23/2025 6:03;5/23/2025 6:03;238;;
382;5;;apakah ada lapangan usaha dari pekerjaan (baik bekerja maupun berusaha);tertutup;anggota keluarga;1;5/23/2025 6:03;5/23/2025 6:03;269;;
383;5;;nama usaha;tertutup;anggota keluarga;1;5/23/2025 6:03;5/23/2025 6:03;274;;
384;5;;alamat usaha;tertutup;anggota keluarga;1;5/23/2025 6:03;5/23/2025 6:03;275;;
385;5;;kepemilikan izin usaha;tertutup;anggota keluarga;1;5/23/2025 6:03;5/23/2025 6:03;276;;
386;5;;berapa penghasilan omzet usaha;tertutup;anggota keluarga;1;5/23/2025 6:03;5/23/2025 6:03;277;;
387;5;;berapa jumlah tenaga kerja pada usaha;tertutup;anggota keluarga;1;5/23/2025 6:03;5/23/2025 6:03;278;;
4731;1;alamat_ktp;alamat ktp;tertutup;kepala keluarga;0;6/2/2026 15:14;6/2/2026 15:14;10;Insidentil;
